title,company,location,posted_date,worktype,salary,job_link,job_description,applicants,Seniority level,Employment type,Job function,Industries
Salesforce BA,Enexus Global Inc.,"Williston, VT",2024-04-09,On-site,,https://www.linkedin.com/jobs/view/salesforce-ba-at-enexus-global-inc-3888435244?position=1&pageNum=0&refId=p7h8yT%2FJa0mj%2FZ%2FJJ7TKvw%3D%3D&trackingId=ekQ1o3htJoyewdkUV%2F9okw%3D%3D&trk=public_jobs_jserp-result_search-card,"
Client: Ben &jerryRemote/Onsite: OnsiteExperience: 5 to 8 yearsJob DescriptionPrior working experience on sales cloudShould have used salesforce as sales toolBusiness analyst should have Ice cream industry experience if not at least retail industry with franchisee management.The person should be able to travel to customer office at least 3 times a week.Experience of CPG business would be great but not necessarystrong process analysis- streamlining the processes and providing timely solutions to businessfamiliarity with salesforce products/ bundles- suggestions about product/processes5 + years of experience as a Business Analyst (preferred)Excellent communication and documentation competency
","
            Be among the first 25 applicants
          ",Mid-Senior level,Full-time,Other,IT Services and IT Consulting
"Technical Business Analyst, Encounter Data Integrity & Delivery",MVP Health Care,"Williston, VT",2024-04-25,On-site,,https://www.linkedin.com/jobs/view/technical-business-analyst-encounter-data-integrity-delivery-at-mvp-health-care-3841024684?position=2&pageNum=0&refId=p7h8yT%2FJa0mj%2FZ%2FJJ7TKvw%3D%3D&trackingId=BrgOclcIdkwHmA6Y%2BT1VpQ%3D%3D&trk=public_jobs_jserp-result_search-card,"
          Burlington Office, 62 Merchants Row, Williston, Vermont, United States of America Headquarters Office, 625 State Street, Schenectady, New York, United States of America Rochester Office, 20 S. Clinton Ave, Rochester, New York, United States of America Tarrytown Office, 303 South Broadway, Tarrytown, New York, United States of America Virtual Req #1914Tuesday, April 23, 2024Over 35 years strong and fueled by 1,700 smart, passionate employees across New York state and Vermont, MVP is full of opportunities to grow. We are a nationally recognized, award-winning leader for a reason. The beating heart of our company is a wide range of employees from a diverse set of backgrounds-tech people, numbers people, even people people-working together to make health insurance better. If you are ready to join a thriving, mission-driven company where you can create your own opportunities and make a positive difference-it's time to make a healthy career move to MVP!Full-Time, ExemptPosition is remote/virtualResponsible for state and federal submissions in an accurate and timely manner. Accountable for regulatory reporting within the organization and government entities. Reconciling encounter data and providing root cause analysis of rejections with member eligibility, provider, medical & pharmacy data elements, and claim payment information. Continuously monitor the statuses of existing processes and identify discrepancies or process improvements. Actively participate in the development, testing, and implementation of file extracts and layouts to meet vendor and regulatory agency requirements. Candidates must possess excellent analytical skills with a focus on meeting the expectations and requirements of both internal and external customers. Must be a self-motivated individual and has ability to perform under pressure. Be able to support other duties as assigned.Position QualificationsMinimum Education: Associate Degree in Health Administration, business, economics, computer science or related field.Related work experience will be considered in lieu of college degree.Minimum Experience1+ years of experience in a business environment involving the analysis of healthcare or health insurance data sets.  Recent SQL (Intermediate) must have used SQL within the last six months. Able to write and debug queries.  Python required. Proven experience of process automation or improvement. Experience working with external parties, vendors, or government agencies.Required Skills Microsoft Excel (advanced).  Demonstrated understanding of relational database concepts including ability to manipulate raw data into meaningful, objective information.  Proven ability to pull, analyze, report, and provide insight on large complex sets of data.  Ability to identify areas of process improvement and implement automation efficiencies.  Demonstrated problem-solving and analytical abilities.  Experience working in a routinely audited environment.  Ability to work independently, as well as work effectively as a member of a team.  Demonstrated excellent written and verbal communication skills.  Able to create and update process documentation.  Extensive reading to stay abreast of the frequent changes in federal and/or state regulations. Preferred Skills Working knowledge of Risk Adjustment.  Working knowledge of ICD-10, CPT, HCPCS and revenue codes.  Knowledge of Centers for Medicare and Medicaid Services (CMS) and state agency guidelines.  Experience using data analysis and visualization tools.  Experience working in an agile framework. About MVPMVP Health Care is a nationally recognized, not-for-profit health insurer caring for members in New York and Vermont. Committed to the complete well-being of our members and the communities we serve, MVP makes health insurance more convenient, more supportive, and more personal. We are powered by the ideas and energy of more than 1,700 diverse employees from all backgrounds, committed to having a positive impact on the health and wellness of everyone we serve.At MVP, we are committed to providing competitive employee compensation and benefits packages. The base pay range provided for this role reflects our good faith compensation estimate at the time of posting. Specific employment offers and associated compensation will be made individually based on several factors , including but not limited to geographic location ; relevant experience, education, and training; and the nature of and demand for the role.In addition, we offer a comprehensive benefits package that includes: Considerable paid time away from work including PTO (Paid Time Off), s ick t ime, service t ime o ff, p aid h olidays, and f loating h olidays , allowing you to take time off when it suits you best.  Competitive 401(k) employer matching and profit-sharing program to help you save for your retirement.  Low premium health benefits including medical, dental, and vision coverage to support your well-being and that of your family.  Life insurance and disability coverage to ensure financial security for you and your dependents.  An array of optional benefit plans such as accident insurance and specified disease coverage to protect you from the unexpected.  Full tuition reimbursement (up to the IRS limit) for approved courses and programs that support continuous learning.  A best-in-class employee Well-Being program to support all dimensions of your health and wellness. MVP Health Care analyzes the latest market data to determine employee compensation. Compensation figures listed in a job posting are subject to change as new market data becomes available. The salary range, other compensation, and benefits information is accurate as of the date of this posting. MVP Health Care reserves the right to modify this information at any time, subject to applicable law. More detailed information about total compensation and benefits will be provided during the hiring process.MVP Health Care is an Affirmative Action/ Equal Employment Opportunity (PDF). We recruit, employ, train, compensate, and promote without regard to race, religion, creed, color, national origin, age, gender, sexual orientation, marital status, disability, genetic information, veteran status, or any other basis, e.g., Pay Transparency (PDF), and the Know your Rights protected by applicable federal, state or local law. Any person with a disability needing special accommodations to the application process, please contact Human Resources at hr@mvphealthcare.comPlease apply and learn more - including how you may become a proud member of our team.Other Details Job Family Claims/Operations  Pay Type Salary  Min Hiring Rate $56,200.00  Max Hiring Rate $95,748.00
","
          36 applicants
        ",Mid-Senior level,Full-time,Business Development and Sales,Insurance
Environmental Analyst V - State Revolving Funds Process Analyst - Limited Service,State of Vermont,"Montpelier, VT",2024-04-27,On-site,,https://www.linkedin.com/jobs/view/environmental-analyst-v-state-revolving-funds-process-analyst-limited-service-at-state-of-vermont-3910856088?position=3&pageNum=0&refId=p7h8yT%2FJa0mj%2FZ%2FJJ7TKvw%3D%3D&trackingId=6j%2FSp7US1K428uK50wSkww%3D%3D&trk=public_jobs_jserp-result_search-card,"
OverviewThe Water Infrastructure Finance Program, part of DEC's Water Investment Division, is seeking a highly motivated individual with strong skills in data systems evaluation and implementation to serve as a Process Analyst for the Drinking Water and Clean Water State Revolving Loan Funds.This position will afford the right individual the opportunity to make a major contribution to helping to ensure that Vermonters have access to clean and safe drinking water and clean water under federal ""Bipartisan Infrastructure Law"" (BIL) funding for the State Revolving Loan Funds (SRFs). This position will have a key role in data collection, application processing system implementation, reporting, and evaluation of funding strategies.This position is also responsible for assisting in the implementation of BIL priorities related to ensuring that disadvantaged communities benefit equitably from SRF investments in water infrastructure, including assisting with streamlining and automating the application process to remove barriers to participation.Preference will be given to candidates with knowledge of the principles and tools of continuous business process improvement, strong written and verbal communication skills, a demonstrated ability to organize and manage financial and project-related data, expertise in Salesforce(tm) database use or demonstrated aptitude in comparable software, experience working with federal funds, and education or experience in environmental protection or public health.Who May ApplyThis position, Environmental Analyst V - State Revolving Funds Process Analyst - Limited Service (Job Requisition #50012), is open to all State employees and external applicants. It is a Limited Service position, which is non-tenured and authorized for a specific period of time. Limited Service positions are established for specially funded projects or programs.If you would like more information about this position, please contact Padraic.Monks@vermont.gov.Resumes will not be accepted via e-mail. You must apply online to be considered.Please note that multiple positions in the same work location may be filled from this job posting.Environmental FactorsDuties are largely performed in an office setting; however, some field travel may be necessary for which private means of transportation must be available. Field work may involve exposure to chemicals, gases, hazardous liquid and solid waste, and construction sites during all weather conditions; and may involve traversing rough terrain and bodies of water. Some work outside of regular working hours, including attendance at public meetings, may be required. Strong differences of opinion may be encountered on a regular basis.Minimum QualificationsMaster's degree or higher in a biological-life or physical science, engineering, a social science, data science, or an environmental or natural resources field AND one (1) or more years of experience in a natural resources field.ORBachelor's degree in a biological-life or physical science, engineering, a social science, data science, or an environmental or natural resources field AND two (2) or more years of experience in a natural resources field.ORFive (5) years or more of experience in an engineering, environmental, social science, data science, or natural resources field.Total CompensationAs a State employee you are offered a great career opportunity, but it's more than a paycheck. The State's total compensation package features an outstanding set of employee benefits that are worth about 30% of your total compensation, including:80% State paid medical premium and a dental plan at no cost for employees and their familiesWork/Life balance: 11 paid holidays each year and a generous leave planState Paid Family and Medical Leave Insurance (FMLI)Two ways to save for your retirement: A State defined benefit pension plan and a deferred compensation 457(b) planTuition ReimbursementFlexible spending healthcare and childcare reimbursement accountsLow cost group life insuranceIncentive-based Wellness ProgramQualified Employer for Public Service Student Loan Forgiveness ProgramWant the specifics? Explore the Benefits of State Employment on our website.Equal Opportunity Employer The State of Vermont celebrates diversity, and is committed to providing an environment of mutual respect and meaningful inclusion that represents a variety of backgrounds, perspectives, and skills. The State does not discriminate in employment on the basis of race, color, religion or belief, national, social or ethnic origin, sex (including pregnancy), age, physical, mental or sensory disability, HIV Status, sexual orientation, gender identity and/or expression, marital, civil union or domestic partnership status, past or present military service, membership in an employee organization, family medical history or genetic information, or family or parental status. The State's employment decisions are merit-based. Retaliatory adverse employment actions by the State are forbidden.
        ","
            Be among the first 25 applicants
          ",Associate,Full-time,Other,Government Administration
"Collector, Drug & BA Testing - (PRN) - ExamOne/Fairfax, VA area",Quest Diagnostics,"Fairfax, VT",2024-04-08,On-site,,https://www.linkedin.com/jobs/view/collector-drug-ba-testing-prn-examone-fairfax-va-area-at-quest-diagnostics-3886642528?position=4&pageNum=0&refId=p7h8yT%2FJa0mj%2FZ%2FJJ7TKvw%3D%3D&trackingId=dw6m4puX8WhQnH4hXCnJHw%3D%3D&trk=public_jobs_jserp-result_search-card,"
          Under the direction of the Branch Manager or Field Leader, the Collector’s primary responsibility is to provide coverage in the field ensuring that collections are completed accurately and on time. Maintain a safe and professional environment for clients, and employees, perform with confidence all aspects of the testing, including specimen collection and processing duties following established practices and procedures.Ensures all specimens are collected accurately and on time.Collects specimens according to established procedures using DOT guideline 49 CFR-Part 40. Completes random and emergency observed urine collections of same sex clients as needed. Collects specimens for drug screenings and other Quest Diagnostics services. Responsible for completing Chain of Custody (COC) forms and Alcohol Testing Forms accurately. Label specimens as required. Upload, fax, mail COC and Alcohol Testing Form within 24 hours to appropriate location. Package specimens for transport and ship to lab indicated on work orders. Make certain the proper forms are used for various collections. Responsible for the safe and timely transporting of specimens, supplies, equipment and materials to the appropriate destination.Maintains records of each specimen collected. Support Record Deletion process when directed by Management. Provides customer service to clients. Follows DOT Guidelines for Breath Alcohol and Urine collections.Maintains all appropriate collection logs, accuracy logs, calibrations, DOT and BAT certifications. Correct collection errors within a 24-hour timeframe. Submits accurate time and travel logs as directed by management and on time. Submits accurate expense forms, if applicable, when required. Properly clock in and out for work assignments. Provides travel logs when applicable. Must send monthly Accuracy Checks to designated site location. Demonstrates organizational commitment.Adheres to departmental and company code of grooming, dress code and lab coat policies; appearing neat and clean at all times. Be aware of smoke residue and heavy fragrances. Wear company-issued identification badge at all times during work assignments. Reports on time to site within specified guidelines. Communicates appropriately with customers, 24-7 all center, Branch Office, clients, employees and the general public.Communicates all DER discrepancies immediately to the appropriate Manager/Supervisor, employer representative and/or call center. Remains polite and courteous at all times. Additional responsibilities of the Drug and Breath Alcohol Collector.Ensures equipment is neat, clean and in good repair, takes appropriate action to advise Manager or Supervisor of required repairs and maintenance. Keeps necessary supplies on hand and contacts the proper website when supplies need to be replenished. Works effectively with staff employees to ensure compliance with dress code, EHS & QA requirements, customer service requirements and SOP’s, advising Manager or Supervisor of any issues or problems as they arise. Answers phone when called to be dispatched by employer. Return missed calls to dispatch even if not available for assignment. Dispatch is waiting for your return call. Advise call center when unavailable for collections. Participates on teams and special events when asked. Flexible travel (up to 100-mile radius) and flexible work hours. Maintain dates of availability and dates unavailable as appropriate. All other duties as assigned, within scope of the position. Must have valid driver's license and clean driving record with access to dependable and insured transportation. QualificationsRequired Work Experience: DOT Certification and any other necessary documentation pertaining to this position must be presented prior to a job offer.Preferred Work ExperiencePrefer Certified BAT/Urine CollectorPhysical And Mental RequirementsSitting, standing, driving, lifting no more than 10 pounds. Ability to concentrate on task at hand KnowledgeN/ASkillsExcellent interpersonal and communication skills. Must be flexible and available based on staffing requirements Demonstrates good organization, communication, and interpersonal skills; is able to manage concerns of patients and employees in a professional manner. Basic computer skills in Microsoft Office with the ability to learn new software. Must be able to make decisions based on established procedures and exercise good judgment. Seek Supervisor guidance when appropriate. Ability to work in a rapidly changing environment. Access to a cell phone with texting and emailing capabilities. Access to computer with scanning, printing and faxing capabilities. EDUCATIONHigh School Diploma or EquivalentLICENSECERTIFICATIONSValid driver’s license(Required)While we appreciate and value our staffing partners, we do not accept unsolicited resumes from agencies. Quest will not be responsible for paying agency fees for any individual as to whom an agency has sent an unsolicited resume.
","
            Be among the first 25 applicants
          ",Entry level,Full-time,Accounting/Auditing and Finance,Hospitals and Health Care
ACO Senior Payment Reform Analyst - Hybrid/Remote,The University of Vermont Health Network,"Colchester, VT",2024-04-03,On-site,,https://www.linkedin.com/jobs/view/aco-senior-payment-reform-analyst-hybrid-remote-at-the-university-of-vermont-health-network-3881279906?position=5&pageNum=0&refId=p7h8yT%2FJa0mj%2FZ%2FJJ7TKvw%3D%3D&trackingId=Obu41UeQsjlzSLqhya4YeQ%3D%3D&trk=public_jobs_jserp-result_search-card,"
Job DescriptionThe Senior Payment Reform Analyst (“Analyst ”) is responsible for developing, operationalizing, maintaining, and monitoring the OneCare Vermont Accountable Care Organization payment reform initiatives. These initiatives include the statewide value-based contracts with payers as well as hospital fixed payment conversions, the Comprehensive Payment Reform program for independent primary care, and other payment reforms yet to be operationalized. The Analyst will work closely with the Director of Payment Reform and other OneCare finance and analytics team members to ensure payment reform programs run smoothly, unfavorable trends are observed and raised quickly, and the programs yield the intended results. Additionally, the Analyst will interface with network participants and payer representatives to further payment reform programs and ensure participant understanding. This role requires a high level of analytical, technical, and financial competency and the incumbent will contribute heavily to the success of the ACO and its payment reform programs.Major Areas Of Focus And Accountabilities Include Payment Reform Modeling and Support  Program Settlement Forecasting and Reporting  Program Performance Investigations and Analyses  Hospital Fixed Payment Modeling  Comprehensive Payment Reform Program Modeling  Performance Report Development  Periodic In-Depth Program Outcome Analyses The position requires the ability to comprehend complex data models, deliver accurate outputs, healthcare cost drivers, and build strong relationships with other ACO teams. Strong financial, analytical and communication skills are required as is the ability to conduct oneself with tact, diplomacy, and discretion. This position facilitates the creation of a high value health care delivery system that meets the Quadruple Aim of optimizing health, controlling cost growth, improving patient experience of care, and improving provider satisfaction.This is a hybrid/remote position.EducationBachelor’s Degree in a business-related subject area required. CPA and/or Master’s Degree in related discipline preferred.Experience5 years of health care financial management or ACO experience required. SQL coding experience strongly preferred. Experience working within a complex and innovative environment is essential to this role. Experience presenting financial/budget information desired.
        ","
            Be among the first 25 applicants
          ",Mid-Senior level,Contract,Accounting/Auditing and Finance,Hospitals and Health Care
Cost Accountant,Hayward Tyler,"Colchester, VT",2024-04-24,On-site,,https://www.linkedin.com/jobs/view/cost-accountant-at-hayward-tyler-3905572737?position=6&pageNum=0&refId=p7h8yT%2FJa0mj%2FZ%2FJJ7TKvw%3D%3D&trackingId=a2T0l2%2B2gXuM%2FB9MnlKZrw%3D%3D&trk=public_jobs_jserp-result_search-card,"
Job Description and Duties:The Cost Accountant is responsible for overseeing all aspects of cost accounting and inventory management within the organization's manufacturing operations, for both government contracts under FAR (Federal Acquisition Regulation) standards and standard fixed-price contracts under standard accounting practices. Working closely with the Senior Financial Analyst, the Cost Accountant will play a key role in analyzing and reporting on costs, margins, and inventory data to support strategic decision-making. The primary duties and responsibilities include:Cost Accounting• Analyze and report on product costs, including materials, labor, and overhead, ensuring accuracy and compliance with relevant contract specifications and accounting standards.• Monitor and report on variances between standard costs and actual costs for all types of contracts, identifying and addressing discrepancies as needed.• Assist in the development and maintenance of standard cost systems for inventory valuation and product costing, aligning with contract requirements and accounting best practices.• Collaborate with cross-functional teams to ensure accurate cost allocations and accounting treatments for various contract types and business operations.Inventory Management• Coordinate and conduct physical inventory counts and cycle counts to ensure accurate inventory records across all contract types and business units.• Investigate and resolve discrepancies in inventory counts, proposing adjustments as necessary to maintain integrity of financial reporting.• Review and update average costs in the bill of materials and inventory registry to reflect current pricing and cost trends for all contracts and product lines.• Analyze inventory aging and assess provision calculations for accuracy, adjusting as needed to reflect business realities and contract obligations.• Work with relevant stakeholders to identify and dispose of obsolete inventory in accordance with contractual requirements and accounting principles.Analysis and Reporting• Analyze financial data and performance metrics related to cost of goods sold, inventory, and contract activities, providing insights to support decision-making and strategic planning efforts.• Prepare ad hoc reports and analyses to address specific business needs and inquiries, demonstrating agility and responsiveness to evolving requirements.• Collaborate with the Senior Financial Analyst to reconcile balance sheet and P&L accounts, ensuring accuracy and completeness of financial statements and regulatory filings.• Utilize ERP and CRM systems to extract and analyze data, and identify trends for cost optimization.Minimum Qualifications/Winning Attributes• Bachelor’s degree in Accounting, Finance, Business Administration, or related field.• Proficiency in Microsoft Excel, PowerPoint, and other productivity software.• Strong analytical skills and attention to detail, with the ability to interpret and communicate complex financial information effectively.• Previous experience in cost accounting, manufacturing operations, or related fields, with exposure to government contracts, fixed-price contracts, and standard accounting practices preferred.• Familiarity with ERP systems and inventory management software, with the ability to adapt to different platforms and reporting requirements.• Ability to work independently and collaboratively in a fast-paced, dynamic environment, prioritizing tasks and meeting deadlines with minimal supervision.• Strong interpersonal skills and a commitment to building positive relationships with colleagues and stakeholders at all levels of the organization.Additional Requirements• Experience with contracts through the Department of Energy (DOE) or other government agencies is a plus.• A willingness to work extended hours and travel domestically or internationally as needed to support inventory management and contract activities.• High professional standards of accuracy, completeness, and timeliness in all work activities, with a focus on delivering high-quality results under tight deadlines.• Excellent communication and interpersonal skills, with the ability to convey complex concepts and recommendations to diverse audiences in a clear and concise manner.
","
            Be among the first 25 applicants
          ",Entry level,Full-time,Accounting/Auditing,Industrial Machinery Manufacturing
ACO Senior Payment Reform Analyst - Hybrid/Remote,WorkatHome-JobBoard,"Colchester, VT",2024-04-26,On-site,,https://www.linkedin.com/jobs/view/aco-senior-payment-reform-analyst-hybrid-remote-at-workathome-jobboard-3911561287?position=7&pageNum=0&refId=p7h8yT%2FJa0mj%2FZ%2FJJ7TKvw%3D%3D&trackingId=BCfZotrGZv%2FQ7LUqNw74Uw%3D%3D&trk=public_jobs_jserp-result_search-card,"
Job DescriptionThe Senior Payment Reform Analyst (""Analyst "") is responsible for developing, operationalizing, maintaining, and monitoring the OneCare Vermont Accountable Care Organization payment reform initiatives. These initiatives include the statewide value-based contracts with payers as well as hospital fixed payment conversions, the Comprehensive Payment Reform program for independent primary care, and other payment reforms yet to be operationalized. The Analyst will work closely with the Director of Payment Reform and other OneCare finance and analytics team members to ensure payment reform programs run smoothly, unfavorable trends are observed and raised quickly, and the programs yield the intended results. Additionally, the Analyst will interface with network participants and payer representatives to further payment reform programs and ensure participant understanding. This role requires a high level of analytical, technical, and financial competency and the incumbent will contribute heavily to the success of the ACO and its payment reform programs.Major Areas Of Focus And Accountabilities Include Payment Reform Modeling and Support  Program Settlement Forecasting and Reporting  Program Performance Investigations and Analyses  Hospital Fixed Payment Modeling  Comprehensive Payment Reform Program Modeling  Performance Report Development  Periodic In-Depth Program Outcome Analyses The position requires the ability to comprehend complex data models, deliver accurate outputs, healthcare cost drivers, and build strong relationships with other ACO teams. Strong financial, analytical and communication skills are required as is the ability to conduct oneself with tact, diplomacy, and discretion. This position facilitates the creation of a high value health care delivery system that meets the Quadruple Aim of optimizing health, controlling cost growth, improving patient experience of care, and improving provider satisfaction.This is a hybrid/remote position.EducationBachelor's Degree in a business-related subject area required. CPA and/or Master's Degree in related discipline preferred.Experience5 years of health care financial management or ACO experience required. SQL coding experience strongly preferred. Experience working within a complex and innovative environment is essential to this role. Experience presenting financial/budget information desired.
        ","
            Be among the first 25 applicants
          ",Mid-Senior level,Full-time,Accounting/Auditing and Finance,Advertising Services
Network Epic Clin App Analyst Staff RN,The University of Vermont Medical Center,"South Burlington, VT",2024-04-09,On-site,,https://www.linkedin.com/jobs/view/network-epic-clin-app-analyst-staff-rn-at-the-university-of-vermont-medical-center-3888765522?position=8&pageNum=0&refId=p7h8yT%2FJa0mj%2FZ%2FJJ7TKvw%3D%3D&trackingId=fAPiFdEl6NycVlLBSPU7Xg%3D%3D&trk=public_jobs_jserp-result_search-card,"
          JOB DESCRIPTION: The Network Epic Clinical Application Analyst RN provides clinical analysis and technical support and maintenance of the software used to support clinical processes. This position requires an in depth understanding of ambulatory or hospital clinical processes. The individual is responsible for analyzing user needs and developing solutions to those needs while adhering to and maintaining best practice, organizational and regulatory standards as determined by the IS and Organizational Leadership.The Network Epic Clinical Application Analyst RN will develop a clear understanding of the software and tools used to configure the record to meet the needs of the end user following developed standards. Responsibilities include working with end-users, vendors and internal Information Services technical staff supporting business/clinical processes, and facilitating cohesive integration of software applications from vendor with business and clinical operations.The Network Epic Clinical Application Analyst RN must provide support coverage 24 hours per day, 7 days per week. The ability and means to regularly travel throughout the UVM Health Network is required. Shift coverage and on-call coverage may be required.EDUCATION: Registered Nurse (RN) license required. Epic certification required or achieved within 120 days of hire with a maximum of three attempts.EXPERIENCE: 5 or more years of clinical experience Prior operational responsibility for system adoption, trouble shooting and workflow validation required .
        ","
            Be among the first 25 applicants
          ",Mid-Senior level,Full-time,Health Care Provider,Hospitals and Health Care
Account Analyst,Acrisure,"Burlington, VT",2024-04-24,On-site,,https://www.linkedin.com/jobs/view/account-analyst-at-acrisure-3909804890?position=9&pageNum=0&refId=p7h8yT%2FJa0mj%2FZ%2FJJ7TKvw%3D%3D&trackingId=UNQqtXFajzdQ4XpMhnnUyA%3D%3D&trk=public_jobs_jserp-result_search-card,"
          Acrisure Re Is a Leading Re/insurance Intermediary And Corporate Advisor/broker Dealer, Offering Bespoke And Innovative Capital, Risk, And Program Solutions. Our Expert Multi-disciplinary Team Leverage Their Combined Experience, Market Data And Leading Analytics To Provide The Very Best Placement And Execution Strategies. Our Global Business Solutions IncludeGlobal Treaty BrokingAcrisure London WholesaleInternational FacultativeCorporate Advisory and Solutions (ARCAS)Cat Modeling and AnalyticsAcrisure Re is an Agency Partner of Acrisure LLC, a global fintech-leader. Acrisure has grown at a rapid rate in recent years and is now one of the 10 largest insurance brokers in the world, with ambitious plans to continue growing at an accelerated and unprecedented pace. Beyond growth, Acrisure' s dedication to its highly unique business model, ownership structure and entrepreneurial culture, has put us on the envious path of being the largest, most successful privately held insurance brokerage in the industry.Core ResponsibilitiesThe primary mandate of the Account Analyst is to support Acrisure Re's global branches in post placement activities on insurance and reinsurance accounts in multiple classes of business. The position is an entry level position that includes analysis of contracts for system entry, detailed analysis of reporting, and invoicing, in addition to handling premium and quota share claims matters in both current and run-off areas of Acrisure Re business. In addition, the candidate will analyze and evaluate claims data being reported by reinsureds for processing according to contract terms and guidelines, following established company procedures. The Account analyst will assure delivery of strong servicing of clients' accounts from an accounting, collection and claim perspective.Develop strong working knowledge of both facultative and treaty fields and have a well-rounded understanding of multiple lines of business, such as, but not limited to, property, energy, casualty, specialty casualty, automobile, marine and accident and health. Develop a thorough understanding of quota share and excess of loss structures. Comprehend complex wordings to determine applicable actions for warranties, cash losses, year-end adjustments, profits commissions and reinstatements. Able to calculate items in preceding bullet as well as loss ratios. Be able to accurately allocate limits and shares to losses.Juggling the competing interests of clients, insurers, reinsurers and Acrisure Re management. Inaccuracies and omissions lead to Errors and Omissions claims being made against the Company with resultant higher premiums or declined coverage the following year. Accordingly, the Technical Analyst must take the utmost care to ensure work is complete, accurate and performed in a timely manner.Skills/ Attributes RequiredCollege or University degree preferred.Strong communication (written and verbal), analytical, diplomacy and negotiation skills with professionals within and outside the industry.Excellent computer and technical skills. Working knowledge of Microsoft Office Suite (Word, Outlook, PowerPoint, and Excel) with advanced Excel mastery particularly in the areas of formula and database structuring.Working knowledge of intermediate to advanced statistical analysis.Ability to identify, recognize and escalate critical issues for resolution.A general willingness to be flexible in work habits and assigned tasks. Adaptable and comfortable in less than fully structured environment.Focused, detail oriented and highly organized with excellent prioritization skills.Operate efficiently under stressful conditions, compete against tight timelines, and keep self and others focused..Be a team player and consistently keep relevant staff informed and updated.Employ problem solving and decision-making abilities to resolve challenges quickly and creatively through appropriate courses of action.Results oriented: Concentrate on activities necessary to achieve departmental and company's goals.Customer Centered: Strive to attain a continual standard of 100% internal and external customer satisfaction in all areas.We are not partnering with agencies on any roles unless specified by the Talent Acquisition Team. Please do not send any unsolicited emails or InMail's with resumes/CV's as they will not be accepted or credited.**
","
            Be among the first 25 applicants
          ",Entry level,Full-time,Accounting/Auditing and Finance,Financial Services
Junior Finance & Analytics Analyst,Patterned Learning Career,"Burlington, VT",2024-04-28,Remote,,https://www.linkedin.com/jobs/view/junior-finance-analytics-analyst-at-patterned-learning-career-3913079591?position=1&pageNum=0&refId=BphS9YlyG1NqkV5yvQuzEQ%3D%3D&trackingId=Ue9xCAe7RVLskyUQJg3nxg%3D%3D&trk=public_jobs_jserp-result_search-card,"
          This is a remote position.Junior Finance & Analytics Analyst - Remote Job, 1+ Year ExperienceAnnual Income: $62K - $76KA valid work permit is necessary in the USAbout us: Patterned Learning is a platform that aims to help developers code faster and more efficiently. It offers features such as collaborative coding, real-time multiplayer editing, and the ability to build, test, and deploy directly from the browser. The platform also provides tightly integrated code generation, editing, and output capabilities.Are you a data enthusiast with a knack for uncovering insights and translating complex information into actionable strategies? Do you thrive in a remote environment where you can leverage your SQL programming skills to solve critical business problems? If so, then this Finance & Analytics Analyst role at [Your Company] is the perfect opportunity for you!In this exciting role, you'll play a vital role in extracting valuable insights from diverse data sets, empowering data-driven decision-making across the organization.Here's what you'll do:Data Sleuth: Extract and analyze large datasets from various systems to identify trends, outliers, and opportunities for improvement. Insights Architect: Develop insightful reports and data visualizations using quantitative and qualitative analysis techniques, providing clear and actionable recommendations to decision-makers. Collaborative Problem Solver: Work closely with internal and external stakeholders to understand business challenges, define requirements, and collaboratively develop solutions. Tech-Savvy Analyst: Leverage your expertise in advanced Excel, SQL querying, and reporting methods to design and implement data-driven solutions. Metrics Mastermind: Track key metrics like membership, revenue, and commissions, identifying trends and uncovering areas for optimization. Process Improvement Champion: Continuously analyze existing processes, identify inefficiencies, and propose data-driven strategies for improvement. To be successful, you'll need:An Associate's degree or equivalent combination of education and experience in a related field. (or) A Bachelor's degree. 1-3 years of experience in a data analysis or finance role. Proficiency in writing MS SQL queries and database development. Strong analytical skills and a keen eye for detail. The ability to communicate effectively with both technical and non-technical audiences. Excellent time management skills with the ability to juggle multiple projects and meet deadlines efficiently. Proficiency in MS Office Suite, particularly advanced features within Excel (VLOOKUPs and pivots). An intermediate understanding of complex SQL queries and stored procedures. We offer:The opportunity to work remotely and leverage your data analysis skills to make a real impact on our business. A dynamic and collaborative work environment where you can learn from experienced professionals and continue to develop your technical expertise. The chance to be part of a team that is passionate about using data to drive informed decision-making. A competitive benefits package and a career path that values your analytical skills and problem-solving abilities. Ready to unleash your inner data detective and unlock the power of data analytics? Apply today!We look forward to hearing from you!Why Patterned Learning LLC?Patterned Learning can provide intelligent suggestions, automate repetitive tasks, and assist developers in writing code more effectively. This can help reduce coding errors, improve productivity, and accelerate the development process.Pattern recognition is particularly relevant in the context of coding. Neural networks, intense learning models, are commonly employed for pattern detection and classification tasks. These models simulate human decision-making and can identify patterns in data, making them well-suited for tasks like code analysis and generation.
","
            Be among the first 25 applicants
          ",Mid-Senior level,Full-time,Information Technology,IT Services and IT Consulting
E&C Business Intelligence Analyst Senior Manager,PwC,"Montpelier, VT",2024-04-13,Remote,,https://www.linkedin.com/jobs/view/e-c-business-intelligence-analyst-senior-manager-at-pwc-3894740655?position=2&pageNum=0&refId=BphS9YlyG1NqkV5yvQuzEQ%3D%3D&trackingId=BMS1gggIzQC9HIQrg%2BSIag%3D%3D&trk=public_jobs_jserp-result_search-card,"
Specialty/Competency: IFS - Risk & Quality (R&Q)Industry/Sector: Not ApplicableTime Type: Full timeTravel Requirements: Up to 20%A career in Risk Management, within Internal Firm Services, will provide you with the opportunity to advance and foster integrity based decision making and conduct by PwC professionals throughout our organisation. You’ll focus on promoting and monitoring compliance with applicable external laws and regulations as well as internal policies and procedures to help manage PwC’s regulatory, litigation, and reputational risk. Our Compliance team is responsible for oversight of all Compliance activities by our PwC professionals. As part of the team, you’ll help promote and monitor compliance with applicable external and internal policies, laws and regulations and subsequently, manage PwC’s regulatory, litigation and reputational risk.To really stand out and make us fit for the future in a constantly changing world, each and every one of us at PwC needs to be a purpose-led and values-driven leader at every level. To help us achieve this we have the PwC Professional; our global leadership development framework. It gives us a single set of expectations across our lines, geographies and career paths, and provides transparency on the skills we need as individuals to be successful and progress in our careers, now and in the future.ResponsibilitiesAs a Senior Manager, you'll work as part of a team of problem solvers, helping to solve complex business issues from strategy to execution. PwC Professional skills and responsibilities for this management level include but are not limited to:Encourage everyone to have a voice and invite opinion from all, including quieter members of the team.Deal effectively with ambiguous and unstructured problems and situations.Initiate open and candid coaching conversations at all levels.Move easily between big picture thinking and managing relevant detail.Anticipate stakeholder needs, and develop and discuss potential solutions, even before the stakeholder realises they are required.Contribute technical knowledge in area of specialism.Contribute to an environment where people and technology thrive together to accomplish more than they could apart.Navigate the complexities of cross-border and/or diverse teams and engagements.Initiate and lead open conversations with teams, clients and stakeholders to build trust.Uphold the firm's code of ethics and business conduct.The successful candidate will be responsible for leveraging their data science background to drive compliance monitoring data analytics initiatives. This Senior Manager will play a critical role in confirming compliance with ethical standards and regulatory requirements through the use of advanced data analytics techniques.Basic QualificationsJob Requirements and Preferences:Minimum Degree RequiredBachelor DegreeRequired Fields Of StudyData Processing/Analytics/Science, Computer and Information Science, StatisticsMinimum Years Of Experience6 year(s) of experience in data analytics with a focus on Ethics & Compliance is preferred. Previous experience in a leadership or managerial role is highly desirable.Preferred QualificationsDegree Preferred:Master DegreePreferred Knowledge/SkillsDemonstrates intimate abilities and/or a proven record of success as a team leader: Leading the development and implementation of data analytics strategies to identify potential compliance risks and issues; Utilizing data science techniques to analyze large data sets and identify patterns, trends, and anomalies that may indicate potential compliance violations; Preparing and presenting comprehensive reports and recommendations to senior management and stakeholders using data storytelling techniques; Collaborating with cross-functional teams, including Finance, the Office of the Chief Data Officer, the Office of the General Counsel, Business Services Technology, Network Information Security, Internal Audit, and other firm functions to gather relevant data and establish data integrity for analysis; Developing and maintaining data analytics models and tools to support ongoing monitoring and reporting of compliance metrics; Conducting regular assessments to evaluate the effectiveness of compliance controls and identify areas for enhancement; Staying up-to-date with Industry-leading practices in data analytics and compliance monitoring to continuously enhance the program; Providing guidance and training to team members on data analytics techniques and tools; Proving specialization background in data science, including experience with statistical analysis, data mining, predictive modeling, and machine learning; Proving ability to collect data from various sources, determine appropriate storage methods, perform various analyses, distill and communicate key insights/complex findings to non-technical stakeholders through data visualization techniques; Demonstrating intimate knowledge about designing and implementing data-driven analyses to monitor for compliance with regulations and standards, such as anti-corruption laws, data privacy regulations, and industry-specific regulations; Proving specialization background in designing compliance monitoring metrics and KPIs; Demonstrating thorough knowledge about ETL tools and techniques, such as tools like Alteryx, Power Query, Azure Data Factory, and Power Apps suite of tools; Demonstrating a thorough level of knowledge in data analytics tools and programming languages, such as Python, R, and SQL; Visualizing and communicating analytical results, using technologies such as PowerBI, and Tableau; Proving specialization in analytical and problem-solving skills, with the ability to think critically and make data-driven decisions; Demonstrating a thorough level of knowledge in statistical modeling, algorithms, data mining, and machine learning algorithms problem solving; Proving ability of project management skills, with the ability to prioritize and manage multiple initiatives simultaneously; Proving specialization in communication and interpersonal skills, with the ability to collaborate effectively with cross-functional teams and influence stakeholders at all levels; and, Demonstrating high ethical standards and a commitment to promoting a culture of compliance and integrity. Learn more about how we work: https://pwc.to/how-we-workPwC does not intend to hire experienced or entry level job seekers who will need, now or in the future, PwC sponsorship through the H-1B lottery, except as set forth within the following policy: https://pwc.to/H-1B-Lottery-Policy.All qualified applicants will receive consideration for employment at PwC without regard to race; creed; color; religion; national origin; sex; age; disability; sexual orientation; gender identity or expression; genetic predisposition or carrier status; veteran, marital, or citizenship status; or any other status protected by law. PwC is proud to be an affirmative action and equal opportunity employer.For positions based in San Francisco, consideration of qualified candidates with arrest and conviction records will be in a manner consistent with the San Francisco Fair Chance Ordinance.Applications will be accepted until the position is filled or the posting is removed, unless otherwise set forth on the following webpage. Please visit this link for information about anticipated application deadlines: https://pwc.to/us-application-deadlinesFor positions in California, Colorado, Hawaii, Nevada, New York State, or Washington State, or for opportunities that will report to a supervisor, office or other work site in New York State, please visit the following link for pay range information: https://pwc.to/payrange-v1-ifsseniormanager
","
            Be among the first 25 applicants
          ",Mid-Senior level,Full-time,"Research, Analyst, and Information Technology","Accounting, Financial Services, and Business Consulting and Services"
ACO Senior Payment Reform Analyst - Hybrid/Remote | WFH,Get It Recruit - Finance,"Colchester, VT",2024-04-05,Remote,,https://www.linkedin.com/jobs/view/aco-senior-payment-reform-analyst-hybrid-remote-wfh-at-get-it-recruit-finance-3884484036?position=3&pageNum=0&refId=BphS9YlyG1NqkV5yvQuzEQ%3D%3D&trackingId=DFcjMW1llGhWYIE3ictzYQ%3D%3D&trk=public_jobs_jserp-result_search-card,"
          Senior Payment Reform AnalystWe are seeking a skilled and dedicated Senior Payment Reform Analyst to join our team. In this role, you will play a pivotal part in developing, implementing, and overseeing our payment reform initiatives. Your responsibilities will include collaborating with various teams to ensure the smooth execution of statewide value-based contracts with payers, hospital fixed payment conversions, and the Comprehensive Payment Reform program for independent primary care, among other payment reforms. You will work closely with the Director of Payment Reform and other members of our finance and analytics team to monitor program performance, identify trends, and ensure that our initiatives achieve their intended outcomes.Key Responsibilities Develop and support payment reform models Forecast and report on program settlements Conduct analyses to investigate program performance Model hospital fixed payments and Comprehensive Payment Reform programs Develop performance reports and conduct periodic outcome analysesTo excel in this role, you must possess a high level of analytical, technical, and financial competency. Additionally, you will need strong communication skills to build and maintain relationships with our network participants and payer representatives. Your ability to navigate complex data models and deliver accurate insights will be crucial to our success.Qualifications Bachelor's Degree in a business-related field required; CPA and/or Master's Degree preferred 5 years of experience in healthcare financial management or ACO operations Strong SQL coding skills preferred Experience working in a complex and innovative environment Ability to present financial information effectivelyThis is a hybrid/remote position that offers the opportunity to contribute to the creation of a high-value healthcare delivery system that aligns with our mission of optimizing health, controlling costs, improving patient experience, and enhancing provider satisfaction.If you are passionate about driving positive change in healthcare and possess the necessary skills and experience, we encourage you to apply.Employment Type: Full-Time
        ","
            Be among the first 25 applicants
          ",Mid-Senior level,Full-time,Accounting/Auditing and Finance,Human Resources Services
Senior Actuarial Analyst,Centene Corporation,"Vermont, United States",2024-04-26,Remote,,https://www.linkedin.com/jobs/view/senior-actuarial-analyst-at-centene-corporation-3891201391?position=4&pageNum=0&refId=BphS9YlyG1NqkV5yvQuzEQ%3D%3D&trackingId=YkyIO97lfwPUNlL2ILeuCA%3D%3D&trk=public_jobs_jserp-result_search-card,"
          You could be the one who changes everything for our 28 million members. Centene is transforming the health of our communities, one person at a time. As a diversified, national organization, you’ll have access to competitive benefits including a fresh perspective on workplace flexibility.Position PurposeAssist in financial analysis, pricing and risk assessment of provider risk deals and value based contracts. Support corporate strategy in advancing health plan’s provider partnerships and other alternative payment models.Important Note  This Sr. Actuarial Analyst role REQUIRES a minimum of some actuarial experience, SOA exams and a Bachelor's degree - a combination of years of experience and number of SOA actuarial exams passed equals or exceeds 5 (Rule of 5).For example, 2 years of actuarial experience and 3 passed actuarial exams. Ideal for those who are not yet credentialed with their ASA. If you have your ASA/FSA, please review our Associate Actuary or Actuary titled job openings.In this Senior Actuarial Analyst role, you will Apply knowledge of mathematics, probability, statistics, principles of finance and business to calculate financial outcomesSupport all actuarial related modeling for monitoring provider risk deals and value based contracting for our Medicare line of business.Conduct analysis, pricing and risk assessment on our value based contracts to estimate financial outcomes and improve relationships with our provider partnersPartner with other Medicare actuaries to provide insight into historical and future provider performanceBecome in an expert in our various data sources and apply actuarial and technical skillset to answer detailed questions to both technical and non-technical audiencesAnalyze and evaluate Medicare Advantage bid submissions, participate in responses to external reviewersAnalyze and support the development of various actuarial reports, identify trends and gaps and communicate recommended action or findingsEducation/Experience Bachelor’s degree in related field or equivalent experience. Combination of years of experience and number of actuarial exams passed equals or exceeds 5 (Rule of 5). For example, 2 years of actuarial experience and 3 passed actuarial exams.License/Certification Combination of years of experience and number of actuarial exams passed equals or exceeds 5 (Rule of 5). For example, 2 years of actuarial experience and 3 passed actuarial exams.*Applicants for this job have the flexibility to work remote from home anywhere in the Continental United States. However, ideal schedule is PST time zone, but flexible.*Pay Range $67,400.00 - $121,300.00 per yearCentene offers a comprehensive benefits package including competitive pay, health insurance, 401K and stock purchase plans, tuition reimbursement, paid time off plus holidays, and a flexible approach to work with remote, hybrid, field or office work schedules. Actual pay will be adjusted based on an individual's skills, experience, education, and other job-related factors permitted by law. Total compensation may also include additional forms of incentives.Centene is an equal opportunity employer that is committed to diversity, and values the ways in which we are different. All qualified applicants will receive consideration for employment without regard to race, color, religion, sex, sexual orientation, gender identity, national origin, disability, veteran status, or other characteristic protected by applicable law.
        ","
            Be among the first 25 applicants
          ",Not Applicable,Full-time,Finance and Sales,Hospitals and Health Care and Insurance
Principal SuccessFactors Technical Product Owner,Pegasystems,"Burlington, VT",2024-04-22,Remote,,https://www.linkedin.com/jobs/view/principal-successfactors-technical-product-owner-at-pegasystems-3907772753?position=5&pageNum=0&refId=BphS9YlyG1NqkV5yvQuzEQ%3D%3D&trackingId=3VBmHXky4eW1HQi4OUBviA%3D%3D&trk=public_jobs_jserp-result_search-card,"
Meet Our TeamThe People Technology team’s vision is to build a best-in-class employee and candidate HR technology experience that supports our People priorities and drives seamless, simplified experiences across all platforms. If you are passionate about enterprise software product management and delivering easy to use HRIS solutions that help improve the overall employee experience and engagement – join us!Picture Yourself At PegaAs the IT Principal Technical Product Owner, you will manage and prioritize the product feature backlog and development for our SAP SuccessFactors solutions. You will work closely with the People Team and Business Partners to develop detailed requirements, ensuring a clear understanding of features and enhancements to be built into our enterprise systems. This includes creating and writing user stories, epics, and themes to align with the product strategy. You will actively address roadblocks to ensure the completion of release and sprint goals. Moreover, you will lead the product-release plans, setting expectations for delivering new functionalities. As a product subject matter expert, you will share knowledge internally and externally, answering questions related to the product functionality. You will also present written and verbal updates as well as maintain a transparent documented intake process to monitor requests and issues. Excellent collaborative communication skills on processes, timelines and expectations, are crucial to this role.What You'll Do At PegaIn this role, you will be responsible for managing and prioritizing the product feature backlog and development for SuccessFactors features and enhancements.You will work closely with the technology team to develop detailed requirements, ensuring a clear understanding of what is to be implemented or builtYou will actively address roadblocks to ensure the completion of release and sprint goals.You will lead in product-release plans, setting expectations for delivering new functionalitiesAs the SAP SucessFactors Subject Matter Expert, you will excel at sharing and documenting your knowledgeYou will present updates to the People Leadership and maintain a transparent intake process to monitor requests and issuesEffective communication with internal and external customers, including clear timelines and expectations, is key to this role.Actively and collaborativley mitigate roadblocks impacting successful completion of release/sprint goals.Who You AreSkilled in the following ;Product Owner responsibilitiesLead the definition, prioritization, and coordinated delivery of SAP SuccessFactors inititiatives Iterative and incremental delivery of working software on a month-to-month basis, adopted and fully aligned with the broader vision and roadmap for the HRIS System (SAP SuccessFactors) Demonstrate engaged enterprise thought leadership; you are not afraid to step up and take accountability for clarifying uncertainty, ambiguity, and obstacles in support of delivering market-leading softwareSAP SuccessFactors Innovation, Strategy, and Product RoadmapDefine the product area vision, capabilities, use cases, and personas; ensure they are well understood across the relevant parts of the organization.Actively participate in working groups for company-wide strategic initiativesRegularly update the delivery roadmap (3 months out) and full year quarterly roadmapRegularly interact with stakeholders for product roadmap influenceWhat You've Accomplished10+ years of experience with a variety of HRIS systems (SuccessFactors, Workday, UKG)7+ years with SuccessFactors.as a hands on implementation consultant 5+ years of experience in product development or project management. In-depth knowledge of Agile processes and principles. Formal Scrum training a plus.Ability to prioritize features and functions by business value and ROIOutstanding communication, presentation, and writing skillsSharp analytical and problem-solving skillsAble to effectively manage conflicting stakeholder needsBachelor’s degree in a related discipline Pega Offers YouGartner Analyst acclaimed technology leadership across our categories of productsContinuous learning and development opportunitiesAn innovative, inclusive, agile, flexible, and fun work environmentCompetitive global benefits program inclusive ofpay + bonus incentive, employee equity in the companyJob ID: 20419
        ","
            Be among the first 25 applicants
          ",Executive,Full-time,Business Development and Sales,Software Development and IT Services and IT Consulting
Senior Threat Detection Engineer,Blackbaud,"Vermont, United States",2024-04-15,Remote,,https://www.linkedin.com/jobs/view/senior-threat-detection-engineer-at-blackbaud-3900093595?position=6&pageNum=0&refId=BphS9YlyG1NqkV5yvQuzEQ%3D%3D&trackingId=SpUTOuy40dtdguc8C8J%2FUw%3D%3D&trk=public_jobs_jserp-result_search-card,"
          We are looking for a savvy, high-performing Security Engineer who will be responsible for the day-to-day management of company-wide information security toolsets and the protection of Blackbaud’s and Client’s information. Security Engineers diligently investigate anomalous events and alerts, detect malicious activities, reverse engineer malware, and write signatures and scripts for various security tools to defend against malicious activity. The Security Engineer provides reports to management regarding the negative impact to the business caused by theft, destruction, alteration, or denial of access to information. The Security Engineer is primarily involved in the analysis, reverse engineering, troubleshooting and resolution of complex threats that impact the information security infrastructure at the data, application, service, operating system, and network levels.What You’ll Be DoingPerform intrusion analysis using SIEM technology, packet captures, reports, data visualization, log analysis and pattern analysis First responder to security events and escalations via email, phone, and tickets across corporate user networks, data centers, and cloud environments. Assist in remediation of all information security incidents Hunting for and identifying threat actor groups and respective tactics, techniques and proceduresDocument and communicate findings, escalate critical incidents, and interact with lines of businessImprove and challenge existing processes and procedures in a very agile and fast paced cyber security environment Keeps current on the threat landscape and cyber security trends Ability to adapt to fluid infrastructures and to learn/support new technologies Thought leader around new security alert content creation, data correlation, anomaly thresholds, and logic updates Primary mentor to the core analyst team with regards to training & escalationWhat We Are Looking For3+ years security analysis experience 5+ years of IT or networking experience Intermediate to Advanced Linux/Unix OS and Windows knowledge Deep expertise in at least one public cloudFirewall rule and policy fundamentals Network routing fundamentals Ability to manage parallel tasks and accurately document resolutions Experience working with customers in a fast-paced environment Working knowledge of network packet analysis tools Intermediate understanding of scripting (e.g., PERL, Python, shell scripting) Familiarity with cyber security frameworks such as NIST and MITRE ATT&CKIndustry recognized professional certification such as (but not limited to): Security+, CBROPS, CSA, CEH, GSEC, SSCPNice To HavesIndustry recognized professional certification such as (but not limited to):CISSP, GBFA, GCDA, GCIA, GCIH, GMON, GNFA, GOSI, GPEN, GPPA, GREM, GSOC, OSDA, OSCPDirect experience with malware and analysis techniques and methodologies.Experience with playbook development using Security Orchestration and Automated Response (SOAR) platformsStay up to date on everything Blackbaud, follow us on Linkedin, Twitter, Instagram, Facebook and YouTubeBlackbaud is a remote-first company which embraces a flexible remote work culture. Blackbaud supports hiring and career development for all roles from the location you are in today!Blackbaud is proud to be an equal opportunity employer and is committed to maintaining a diverse and inclusive work environment. All qualified applicants will receive consideration for employment without regard to race, color, religion, gender, gender identity or expression, sexual orientation, national origin, physical or mental disability, age, or veteran status or any other basis protected by federal, state, or local law.To all recruitment agencies: We do not accept unsolicited agency resumes and are not responsible for any fees related to unsolicited resumes.A notice to candidates: Recruitment Fraudulent Alert: Your personal information and online safety as a candidate mean a lot to us! At Blackbaud and our portfolio of companies, recruiters only direct candidates to apply through our official careers page at https://careers.blackbaud.com/us/en or our official LinkedIn page. Recruiters will never request payments, ask for financial account information or sensitive information like social security numbers, or conduct interviews via Skype. Anyone suggesting otherwise is not a representative of Blackbaud. If you are unsure if a message is from Blackbaud, please email blackbaudrecruiting@blackbaud.com. The starting base pay is $101,900.00 to $132,800.00. Blackbaud may pay more or less based on employee qualifications, market value, Company finances, and other operational considerations.Benefits IncludeMedical, dental, and vision insuranceRemote-first workforce401(k) program with employer matchFlexible paid time offGenerous Parental LeaveVolunteer for vacationOpportunities to connect to build community and belongingPet insurance, legal and identity protectionTuition reimbursement programR0011541
","
            Be among the first 25 applicants
          ",Mid-Senior level,Full-time,Engineering and Information Technology,Software Development
Salesforce Business Analyst-US,Zortech Solutions,"Burlington, VT",2024-04-09,Hybrid,,https://www.linkedin.com/jobs/view/salesforce-business-analyst-us-at-zortech-solutions-3888463775?position=1&pageNum=0&refId=EbuEiQBInXdDFKlR6ZCGKg%3D%3D&trackingId=ZEX1pXNEMP7B7gjHaiisbA%3D%3D&trk=public_jobs_jserp-result_search-card,"
Role: Salesforce Business AnalystLocation: Burlington, Vermont (Onsite)Duration: 6-12+ MonthsExperience: 5 to 8 yearsJob DescriptionPrior working experience on sales cloudShould have used salesforce as sales toolperson with Retail and franchisee management experience.Experience of CPG business would be great but not necessarystrong process analysis- streamlining the processes and providing timely solutions to businessfamiliarity with salesforce products/ bundles- suggestions about product/processes5 + years of experience as a Business Analyst (preferred)Excellent communication and documentation competency
","
            Be among the first 25 applicants
          ",Mid-Senior level,Full-time,Other,IT Services and IT Consulting
Bristol West Product Analyst II,Farmers Insurance,"Vermont, United States",2024-04-10,Hybrid,,https://www.linkedin.com/jobs/view/bristol-west-product-analyst-ii-at-farmers-insurance-3891175168?position=2&pageNum=0&refId=EbuEiQBInXdDFKlR6ZCGKg%3D%3D&trackingId=cWkvic7LzXsvV3KJrOKKZg%3D%3D&trk=public_jobs_jserp-result_search-card,"
We are Farmers!We are… more than just your favorite commercials.  At Farmers, we strive to deliver peace of mind to our customers by providing protection and comprehensive advice and delivering in the moments of truth. That means having people who can help us meet changing customer and business needs. Farmers high-performance culture is focused on results and the people who achieve them. We hold ourselves and others accountable for sustainably growing the business and each other. We seek solutions, own our actions, and grow through discomfort. We see setbacks as opportunities while continuously asking ourselves how we impact our customers.Farmers is an award winning, equal opportunity employer, committed to the strength of a diverse workforce. We are dedicated to supporting the well-being of our people through our extensive suite of benefits, as well as the well-being of the communities we serve through employee volunteer programs and nonprofit partnerships. Helping others in their time of need isn’t just our business – it’s our culture!  To learn more about our high-performance culture and open opportunities, check out www.Farmers.com/careers/corporate and be sure to follow us on Instagram, LinkedIn, and TikTok.Workplace: Hybrid ( ) or Remote ( )Farmers believes in a culture of collaboration, creativity, and innovation, which thrives when we have the ability to work flexibly in a virtual setting as well as the opportunity to be together in person. Our hybrid work environment combines the best of both worlds with at least three (3) days in office and up to two (2) days virtual for employees who live within fifty (50) miles of a Farmers corporate office. Applicants beyond fifty (50) miles may still be considered.Job SummaryThis opening is for our Bristol West Personal Auto TeamCreates and manages personal lines insurance programs; assists in the coordination of all phases of new product introduction and product maintenanceEssential Job FunctionsUtilizes quantitative approaches to generate sound business analyses with detail orientation.Identifies results out of the norm, draws conclusions, and articulates findings. Links multiple data sources to organize data into a logical format for analysis using SAS and Excel.Manages relationships with upper management and with technical developers. Works on strategic and analytical projects that will directly impact the company’s growth and profitability results.Assists product managers by providing statistical exhibits for analysis.Presents data-based analytical observations to the management team.Documents project progressions and communicates updates to stakeholders.Understands and applies insurance industry terms and concepts whenever appropriate.Performs other duties as assigned.Physical ActionsRequired job duties are essentially sedentary work consisting of occasional walking, standing, and lifting and/or carrying 10 lbs maximum, and seeing.Physical EnvironmentRequired job duties are normally performed in a climate- controlled office environment.Education RequirementsHigh school diploma or equivalent required.Bachelor’s degree preferred in quantitative field of study (Math, Statistics, Economics, Business Analytics, Computer Science, etc.)Experience RequirementsProficient experience with ExcelSAS experience highly preferredCritical thinkerPassionateGood organizational, communication and analytics skills2 years of related experience or 1.5 years in Product Analyst I role.BenefitsFarmers offers a competitive salary commensurate with experience, qualifications and location.CA Only: $73,360 - $106,400CO Only: $68,880 - $91,700HI Only: $68,880 - $98,100IL Only: $68,880 - $98,100NY/ DC Only: $67,200 - $103,800Albany County: $73,360 - $91,700WA Only: $68,880 - $122,625 Bonus Opportunity (based on Company and Individual Performance)401(k)MedicalDentalVisionHealth Savings and Flexible Spending AccountsLife InsurancePaid Time OffPaid Parental LeaveTuition AssistanceFor more information, review “What we offer” on https://www.farmers.com/careers/corporate/#offerJob Location(s): Ideal candidate is located in the eastern or central time zone (hybrid for those within 50 miles of a corporate office, all others will be remote)Anticipated application deadline 5/3: At Farmers, the recruitment process is designed to ensure that we find the best talent to join our team. As part of this process, we typically close open positions within 8 to 21 days after posting. If you are interested in any of our open positions, we encourage you to submit your application promptly.Want to learn more about our culture & opportunities? Check out www.Farmers.com/careers/corporate and be sure to follow us on Instagram, LinkedIn, and TikTok.
","
            Be among the first 25 applicants
          ",Not Applicable,Full-time,Product Management,"Financial Services, Insurance, and Consumer Services"
Trust Investment Officer 2,"Community Bank, N.A.","Williston, VT",2024-04-24,Hybrid,,https://www.linkedin.com/jobs/view/trust-investment-officer-2-at-community-bank-n-a-3905564627?position=3&pageNum=0&refId=EbuEiQBInXdDFKlR6ZCGKg%3D%3D&trackingId=Kf48uzBrifzkNHgxPR5Zqw%3D%3D&trk=public_jobs_jserp-result_search-card,"
OverviewAt Community Bank System, Inc. (CBSI), we are dedicated to providing our customers with friendly, personalized, high-quality financial services and products. Our retail division, Community Bank, N.A., operates more than 200 customer facilities across Upstate New York, Northeastern Pennsylvania, Vermont and Western Massachusetts. Beyond retail banking, we also offer wealth management, investment management, insurance and risk management, and benefit plan administration.Just as our employees are committed to helping our customers manage their finances, we’re committed to our employees. After all, they make it happen for our customers every day.To ensure our people can enjoy long and successful careers here at CBSI, we offer competitive compensation, great benefits, and professional development and advancement opportunities. As an equal-opportunity workplace and affirmative-action employer, we celebrate and support a diverse workplace for the benefit of all: our employees, customers and communities.ResponsibilitiesTo manage assigned account portfolios in accordance with stated objectives, Trust Policy and State/Federal fiduciary regulations. This includes; Work with the division’s more significant and/or complex account relationships Work with account administrators and clients to develop investment policy statements (IPS) Select and monitor both individual investments and overall client portfolios Maintain appropriate records and documentation to support investment decisions Participate in divisional committees Build relationships with other WMG personnel to identify and develop additional business opportunities Establish and develop relationships with division clients and their other professional advisors Establish and develop relationships with COI’s to generate new business Respond to inquiries or requests for information Provide personal trust and employee benefit services to division clients Achieve customer service goals as established in the Bank’s annual operating plan Supervise assigned personnel Provide guidance and training/support to division peers and subordinatesEssential Duties Stay current with debt and equity markets as well as economic developments that may affect investment decisions. Manage assigned divisional accounts including but not limited to the following: Analyzing requirements of assigned accounts by reviewing account agreements and/or legal instruments, determining cash requirements, and anticipating tax consequences; Preparing complete account analysis and documentation. Monitoring the cash and investments of each account with consideration of objectives, the needs of beneficiaries, and cash requirements for taxes and distributions Monitoring and researching/analyzing substantial price changes in division-held investments to establish an appropriate course of action Monitoring the quality of client investments, makings changes when appropriate Reviewing the investment of new and existing accounts Establishing, monitoring and updating account investment objectives and IPS Performing account investment reviews in accordance with regulatory and fiduciary requirements. Executing trades. Actively pursue and maintain professional relationships with other professionals within the financial and business communities to maximize business development opportunities. Communicate and respond to investment-related inquiries from division personnel, clients, attorneys, accountants, and other appropriate parties. Develop additional business with both new and existing clients Maintaining an active awareness of changes in legal and regulatory requirements which may affect accounts. Provide quality service to customers, whether internal or external. Comply with established operating policies and procedures in order to maintain adequate controls and to support the Bank’s adherence to outside regulatory requirements. Communicate with management and Bank/Trust personnel to help integrate goals and activities.Ancillary DutiesPerform other related duties as assigned or directed.QualificationsEducation/Training: B.S. or B.A. degree with a major in Business, Economics, Finance or Accounting preferred;Advanced level of technical knowledge, as evidenced by the completion of Chartered Financial Analyst, Certified Financial Planner, Certified Financial Advisor, or related accreditation in order to obtain and analyze financial information in order to forecast business, industry and economic trends as a basis for making investment decisions. Specialized personal trust and employee benefit education and training.SkillsStrong reading, writing, grammar, computer, and mathematics skills; strong interpersonal relations and communicative skills; a thorough knowledge of investments, trust services, and employee benefit services; valid drivers license.ExperienceMinimum of five (5) years’ experience as a Trust Investment Officer or related field normally required, with at least three (3) years’ experience in investment field.Other Job InformationCompensation: Commensurate with experience plus potential for annual merit increase. In addition to your competitive salary, you will be rewarded benefits including: 11 paid holidays, paid vacation, Medical, Vision & Dental insurance, 401K with generous match, Pension, Tuition Reimbursement, Banking discounts and the list goes on!Physical RequirementsThe physical demands described here are representative of those that must be met by an employee to successfully perform the essential functions of this job. Reasonable accommodations may be made to enable individuals with disabilities to perform the essential functions. While performing the duties of this job, the employee may be required to stand, walk or sit. Use hands and fingers, handle or feel, reach with hands or arms, and speak and hear. The employee may occasionally be required to lift and or move up to 25 pounds. Specific vision abilities required by this job include close vision, and the ability to focus.An Equal Opportunity Employer. All qualified applicants will receive consideration for employment without regard to race, color, religion, sex, sexual orientation, gender identity, national origin, or protected veteran status and will not be discriminated against on the basis of disability.MinimumUSD $64,000.00/Yr.MaximumUSD $108,804.00/Yr.
        ","
            Be among the first 25 applicants
          ",Mid-Senior level,Full-time,Finance and Sales,Financial Services
"Financial Analyst - Williston, VT - Hybrid",Gainwell Technologies,"Williston, VT",2024-04-03,Hybrid,,https://www.linkedin.com/jobs/view/financial-analyst-williston-vt-hybrid-at-gainwell-technologies-3880630883?position=4&pageNum=0&refId=EbuEiQBInXdDFKlR6ZCGKg%3D%3D&trackingId=832OQYOKLuE4nU4HkW%2BJVQ%3D%3D&trk=public_jobs_jserp-result_search-card,"
          Great companies need great teams to propel their operations. Join the group that solves business challenges and enhances the way we work and grow. Working at Gainwell carries its rewards. You’ll have an incredible opportunity to grow your career in a company that values your contributions and puts a premium on work flexibility, learning, and career development.SummaryWorking with Vermonters to help Vermonters, our Williston VT office seeks a financial accounting individual to work with our small team of analysts. The 340B Financial Analyst role requires a person with strong business and analytical problem-solving skills. The 340B analyst is responsible for compiling, creating, and delivering various financial reports, on a daily, monthly, quarterly, and annual cycles. Our financial analyst is a primary liaison with the State of Vermont, receiving and processing transaction requests as well as answering questions on details behind a wide variety of financial reports. Our analyst enters various transactions including payables, receivables, claims adjustments, posting of cash, bank stop payments, and reissues. Our 340B Financial Analyst also works with those providers in the community who have Carved-In for participation in the 340B Drug Discount program.Your role in our mission Interacts with the State of Vermont, providers, claims processing, and customer service departments Team supports each other to complete all work and rotates and cross-trains on responsibilities We provide a full range of Accounts Receivable, Accounts Payable functions as well as Claims Adjustment processing to support the Green Mountain Care Health Care programs Completes daily, weekly, monthly, quarter, and year-end reporting Daily Receipts and Bank Deposit, Posting of Cash Received 340B processing – Health Resources and Services Administration (HRSA) Site reviews, claim and data reconciliation process with Carved-in 340B and participating Vermont Medicaid Providers. What we're looking for Bachelor's degree or equivalent combination of education and experience Healthcare industry experience is a plus Two or more years of accounting experience Superior business and analytical problem-solving skills Strong communication skills Demonstrated ability to learn quickly Demonstrated ability to help facilitate and organize a team's work is a plusWhat you should expect in this role The position is Hybrid.  100% onsite for first several weeks for training, then 2-3 in office/WFH. The pay range for this position is $43,800.00 - $62,500.00 per year, however, the base pay offered may vary depending on geographic region, internal equity, job-related knowledge, skills, and experience among other factors. Put your passion to work at Gainwell. You’ll have the opportunity to grow your career in a company that values work flexibility, learning, and career development. All salaried, full-time candidates are eligible for our generous, flexible vacation policy, a 401(k) employer match, comprehensive health benefits , and educational assistance. We also have a variety of leadership and technical development academies to help build your skills and capabilities.We believe nothing is impossible when you bring together people who care deeply about making healthcare work better for everyone. Build your career with Gainwell, an industry leader. You’ll be joining a company where collaboration, innovation, and inclusion fuel our growth. Learn more about Gainwell at our company website and visit our Careers site for all available job role openings.Gainwell Technologies is committed to a diverse, equitable, and inclusive workplace. We are proud to be an Equal Opportunity Employer, where all qualified applicants will receive consideration for employment without regard to race, religion, color, national origin, gender (including pregnancy, childbirth, or related medical condition), sexual orientation, gender identity, gender expression, age, status as a protected veteran, status as an individual with a disability, or other applicable legally protected characteristics. We celebrate diversity and are dedicated to creating an inclusive environment for all employees.
","
          31 applicants
        ",Entry level,Full-time,Finance and Sales,IT Services and IT Consulting
